id,first_name,last_name,email,gender,contre
1,Christie,Carik,ccarik0@bloglovin.com,Male,RU
2,Evangeline,Backen,ebacken1@columbia.edu,Female,UG
3,Ivette,Tureville,itureville2@linkedin.com,Female,CN
4,Benedicta,Flageul,bflageul3@opensource.org,Female,ID
5,Candie,Wittey,cwittey4@ftc.gov,Female,PE
6,Vergil,Mizen,vmizen5@usgs.gov,Male,CO
7,Fletch,Goligher,fgoligher6@bbc.co.uk,Male,CA
8,Fredek,Meritt,fmeritt7@tinypic.com,Male,CO
9,Nataline,Sterman,nsterman8@netvibes.com,Female,ID
10,Agnola,Najafian,anajafian9@shop-pro.jp,Female,PT
